Fold,ILA,PLA,Error Rate,Precision (Macro),Precision (Micro),Recall (Macro),Recall (Micro),F1-Score (Macro),F1-Score (Micro),AUC
1,0.721980198019802,0.7325991980528319,0.27801980198019804,0.7310324888920645,0.721980198019802,0.6212011517151477,0.721980198019802,0.6202255828542633,0.721980198019802,0.6212011517151477
2,0.7873491468997087,0.786987584895161,0.2126508531002913,0.7655262630535948,0.7873491468997087,0.6962008759489172,0.7873491468997087,0.7141518611521658,0.7873491468997087,0.6962008759489172
3,0.7535894450911913,0.7576448095787746,0.2464105549088087,0.717301714693368,0.7535894450911913,0.6462487728829641,0.7535894450911913,0.6588544571184954,0.7535894450911913,0.6462487728829641
4,0.7613046701260193,0.759812319723893,0.23869532987398068,0.7641672172533736,0.7613046701260193,0.6870089571434205,0.7613046701260193,0.6996999612853272,0.7613046701260193,0.6870089571434204
5,0.7121621621621622,0.7346910023741275,0.2878378378378378,0.7020884239024446,0.7121621621621622,0.6393759580675469,0.7121621621621622,0.6431108587744021,0.7121621621621622,0.6393759580675469
