Fold,ILA,PLA,Error Rate,Precision (Macro),Precision (Micro),Recall (Macro),Recall (Micro),F1-Score (Macro),F1-Score (Micro),AUC
1,0.780990099009901,0.8033255692047918,0.21900990099009898,0.8106465034716156,0.780990099009901,0.69994113702717,0.780990099009901,0.7159840377872984,0.780990099009901,0.69994113702717
2,0.861839367457345,0.873289323356192,0.13816063254265498,0.8577183939229517,0.861839367457345,0.8037143919525895,0.861839367457345,0.8235841997166011,0.861839367457345,0.8037143919525895
3,0.8350795498641832,0.8351801294775677,0.1649204501358168,0.8369481566367257,0.8350795498641832,0.7571372842095938,0.8350795498641832,0.7810657369502505,0.8350795498641832,0.7571372842095938
4,0.793180133432172,0.7872408125085573,0.20681986656782803,0.7975174010126349,0.793180133432172,0.7317425026009992,0.793180133432172,0.7476513136015963,0.793180133432172,0.7317425026009992
5,0.7608108108108108,0.7849182500859037,0.2391891891891892,0.7674719125122815,0.7608108108108108,0.6981506205805271,0.7608108108108108,0.709700852025118,0.7608108108108108,0.6981506205805271
