Fold,ILA,PLA,Error Rate,Precision (Macro),Precision (Micro),Recall (Macro),Recall (Micro),F1-Score (Macro),F1-Score (Micro),AUC
1,0.8973829201101928,0.9084515323618587,0.10261707988980717,0.8998872744079088,0.8973829201101928,0.8712326702833032,0.8973829201101928,0.8828767913087117,0.8973829201101928,0.8712326702833031
2,0.8743237619642114,0.8823102275859442,0.12567623803578865,0.8540718862295749,0.8743237619642114,0.8436803839433495,0.8743237619642114,0.8485692131256459,0.8743237619642114,0.8436803839433498
3,0.9150174621653085,0.9032914758758688,0.08498253783469145,0.9163265226025731,0.9150174621653085,0.878950530929065,0.9150174621653085,0.8946986708660595,0.9150174621653085,0.8789505309290652
4,0.8554484803558191,0.8431179164885517,0.1445515196441809,0.8476136835431224,0.8554484803558191,0.8276097196987391,0.8554484803558191,0.8359572605227317,0.8554484803558191,0.8276097196987391
5,0.8816088225754135,0.8921792999913063,0.11839117742458649,0.8986623191677809,0.8816088225754135,0.8410411762794174,0.8816088225754135,0.860386708080622,0.8816088225754135,0.8410411762794174
