Fold,ILA,PLA,Error Rate,Precision (Macro),Precision (Micro),Recall (Macro),Recall (Micro),F1-Score (Macro),F1-Score (Micro),AUC
1,0.8942837465564738,0.9063538528272153,0.1057162534435262,0.8988458212392867,0.8942837465564738,0.8656067912397026,0.8942837465564738,0.8786959991346391,0.8942837465564738,0.8656067912397025
2,0.8722430295464003,0.8814522518685994,0.12775697045359968,0.8495174206483349,0.8722430295464003,0.8453338938265673,0.8722430295464003,0.8473736161451235,0.8722430295464003,0.8453338938265674
3,0.9173457508731082,0.9063279108897099,0.08265424912689179,0.9121601654846336,0.9173457508731082,0.8886424334570334,0.9173457508731082,0.8991749406191261,0.9173457508731082,0.8886424334570334
4,0.8561897702001483,0.8446269364570452,0.1438102297998517,0.8480936432089992,0.8561897702001483,0.8289303902863677,0.8561897702001483,0.8369871785288945,0.8561897702001483,0.8289303902863678
5,0.8958806357444048,0.9062718729880747,0.1041193642555952,0.9037277986212504,0.8958806357444048,0.8651043915483934,0.8958806357444048,0.8798541413009788,0.8958806357444048,0.8651043915483935
